 [
	{
		"type":"DynamicMenuitem",
		"id":"ibm.portal.operations.changePortletMode",
		"moduleArgs":"portletMode=view",
		"visibilityFn":"wptheme.isValidOp",
		"actionFn":"wptheme.widget.operation.changeWidgetMode",
		"metadata":{
			"wid":"${windowID}",
			"portletMode":"view"
		},
		"markupId":"id.changeWidgetToViewMode.${windowID}"
	},
	{
		"type":"DynamicMenuitem",
		"id":"ibm.portal.operations.changePortletMode",
		"moduleArgs":"portletMode=edit",
		"visibilityFn":"wptheme.isValidOp",
		"actionFn":"wptheme.widget.operation.changeWidgetMode",
		"metadata":{
			"wid":"${windowID}",
			"portletMode":"edit"
		}
	},
	{
		"type":"DynamicMenuitem",
		"id":"ibm.portal.operations.changePortletMode",
		"moduleArgs":"portletMode=edit_defaults",
		"visibilityFn":"wptheme.isValidOp",
		"actionFn":"wptheme.widget.operation.changeWidgetMode",
		"metadata":{
			"wid":"${windowID}",
			"portletMode":"edit_defaults"
		}
	},
	{
		"type":"DynamicMenuitem",
		"id":"ibm.portal.operations.changePortletMode",
		"moduleArgs":"portletMode=config",
		"visibilityFn":"wptheme.isValidOp",
		"actionFn":"wptheme.widget.operation.changeWidgetMode",
		"metadata":{
			"wid":"${windowID}",
			"portletMode":"config"
		}
	},
	{
		"type":"Separator"
	},
	{
		"type":"DynamicMenuitem",
		"id":"ibm.portal.operations.changeWindowState",
		"moduleArgs":"windowState=normal",
		"visibilityFn":"wptheme.isValidOp",
		"metadata":{
			"wid":"${windowID}",
			"windowState":"normal"
		}
	},
	{
		"type":"DynamicMenuitem",
		"id":"ibm.portal.operations.changeWindowState",
		"moduleArgs":"windowState=maximized",
		"visibilityFn":"wptheme.isValidOp",
		"metadata":{
			"wid":"${windowID}",
			"windowState":"maximized"
		}
	},
	{
		"type":"DynamicMenuitem",
		"id":"ibm.portal.operations.changeWindowState",
		"moduleArgs":"windowState=minimized",
		"visibilityFn":"wptheme.isValidOp",
		"metadata":{
			"wid":"${windowID}",
			"windowState":"minimized"
		}
	},
	{
		"type":"DynamicMenuitem",
		"id":"ibm.portal.operations.changePortletMode",
		"moduleArgs":"portletMode=help",
		"actionFn":"wptheme.operation.changeToHelpMode",
		"metadata":{
			"wid":"${windowID}",
			"portletMode":"help"
		}
	},
	{
		"type":"ModuleRef",
		"id":"wp_tagging_rating_menu"
	},
	{
		"type":"ModuleRef",
		"id":"wp_analytics_tags"
	},
	{
		"type":"Separator"
	}
]